median_of_depth_bin	sensitivity	specificity
1	0.839572192513369	0.9843357254744818
4	0.907608695652174	0.9949277200101445
8	0.9224137931034483	0.9978261657186334
12	0.9251968503937008	0.9985047287951853
16	0.9568965517241379	0.9985047287951853
20	0.9171122994652406	0.9996376942864389
24	0.9331550802139037	0.9996357145459182
28	0.9402173913043478	0.9996357145459182
32	0.9467455621301775	1
36	0.9358288770053476	1
40	0.9278074866310161	1
44	0.9411764705882353	1
48	0.9456521739130435	1
