proposed_threshold	percentile_to_query	predicted_total_reads
1	0.95	3064613.5026526763
4	0.95	12258454.010610705
8	0.95	24516908.02122141
12	0.95	36775362.031832114
16	0.95	49033816.04244282
20	0.95	61292270.05305352
24	0.95	73550724.06366423
28	0.95	85809178.07427494
32	0.95	98067632.08488564
36	0.95	110326086.09549633
40	0.95	122584540.10610704
44	0.95	134842994.11671776
48	0.95	147101448.12732846
