proposed_threshold	percentile_to_query	predicted_total_reads
1	0.95	3597292.8669850384
4	0.95	14389171.467940154
8	0.95	28778342.935880307
12	0.95	43167514.403820455
16	0.95	57556685.871760614
20	0.95	71945857.33970076
24	0.95	86335028.80764091
28	0.95	100724200.27558108
32	0.95	115113371.74352123
36	0.95	129502543.21146138
40	0.95	143891714.67940152
44	0.95	158280886.14734164
48	0.95	172670057.61528182
