proposed_threshold	percentile_to_query	predicted_total_reads
1	0.95	3284763.230883419
4	0.95	13139052.923533676
8	0.95	26278105.847067352
12	0.95	39417158.770601034
16	0.95	52556211.694134705
20	0.95	65695264.61766838
24	0.95	78834317.54120207
28	0.95	91973370.46473575
32	0.95	105112423.38826941
36	0.95	118251476.31180309
40	0.95	131390529.23533677
44	0.95	144529582.15887043
48	0.95	157668635.08240414
