proposed_threshold	percentile_to_query	predicted_total_reads
1	0.95	3418583.867789374
4	0.95	13674335.471157497
8	0.95	27348670.942314994
12	0.95	41023006.41347249
16	0.95	54697341.88462999
20	0.95	68371677.35578749
24	0.95	82046012.82694498
28	0.95	95720348.29810248
32	0.95	109394683.76925997
36	0.95	123069019.24041747
40	0.95	136743354.71157497
44	0.95	150417690.18273246
48	0.95	164092025.65388995
